Unnamed: 0,username,user id,access hash,name,group,group id
4273,aosqa,595866318,6.120572697681385e+18,Belova Olesya,–ê—Ä–±–∏—Ç—Ä–∞–∂–Ω—ã–π —á–∞—Ç - DaddyAff,1385260727
4274,aosqa2,595866318,6.120572697681385e+18,Belova Olesya,–ê—Ä–±–∏—Ç—Ä–∞–∂–Ω—ã–π —á–∞—Ç - DaddyAff,1385260727
4275,Alice_Belova,595866318,6.120572697681385e+18,Belova Olesya,–ê—Ä–±–∏—Ç—Ä–∞–∂–Ω—ã–π —á–∞—Ç - DaddyAff,1385260727
4276,OksanaAdver,5515646404,-2.445541750169056e+17,Oksana manager,–ê—Ä–±–∏—Ç—Ä–∞–∂–Ω—ã–π —á–∞—Ç - DaddyAff,1385260727
4277,Diaz9872,5428095209,6.559931098391404e+17,A I D (off) —Å–º–æ—Ç—Ä–∏—Ç–µ –æ–ø–∏—Å–∞–Ω–∏–µ,–ê—Ä–±–∏—Ç—Ä–∞–∂–Ω—ã–π —á–∞—Ç - DaddyAff,1385260727
4278,DanilOdinets,387437215,6.711475522088576e+18,Danil O.D,–ê—Ä–±–∏—Ç—Ä–∞–∂–Ω—ã–π —á–∞—Ç - DaddyAff,1385260727
4279,ogb1lka,971225697,-3.929416563267533e+18,–ê–πXAN,–ê—Ä–±–∏—Ç—Ä–∞–∂–Ω—ã–π —á–∞—Ç - DaddyAff,1385260727
4280,Joker_God_of_FB,469372597,7.885434533893403e+17,JOKER,–ê—Ä–±–∏—Ç—Ä–∞–∂–Ω—ã–π —á–∞—Ç - DaddyAff,1385260727
4281,Oliver1604,5375624700,-4.064622405998092e+18,Dmitrii,–ê—Ä–±–∏—Ç—Ä–∞–∂–Ω—ã–π —á–∞—Ç - DaddyAff,1385260727
4282,Olejka44,455760471,9.0534906871357e+18,–û–ª–µ–≥,–ê—Ä–±–∏—Ç—Ä–∞–∂–Ω—ã–π —á–∞—Ç - DaddyAff,1385260727
4283,Onemarketstore,1527872950,6.519727138618767e+18,–ï–ª–µ–Ω–∞ Creolab,–ê—Ä–±–∏—Ç—Ä–∞–∂–Ω—ã–π —á–∞—Ç - DaddyAff,1385260727
4284,obevan64,537882996,3.1028737508809247e+18,Djorj Coul,–ê—Ä–±–∏—Ç—Ä–∞–∂–Ω—ã–π —á–∞—Ç - DaddyAff,1385260727
4285,oleg_arbi,5314218007,-4.240371297082608e+17,–û–ª–µ–≥ | –∞—Ä–±–∏—Ç—Ä–∞–∂,–ê—Ä–±–∏—Ç—Ä–∞–∂–Ω—ã–π —á–∞—Ç - DaddyAff,1385260727
4286,olegsergiv,5391147289,-6.781691688210282e+18,–û–ª–µ–≥ –Æ—Ä—å–µ–≤–∏—á,–ê—Ä–±–∏—Ç—Ä–∞–∂–Ω—ã–π —á–∞—Ç - DaddyAff,1385260727
4287,OlhaLei,443635351,7.095058216013756e+18,–û–ª—è,–ê—Ä–±–∏—Ç—Ä–∞–∂–Ω—ã–π —á–∞—Ç - DaddyAff,1385260727
4288,OlegProMasterp2p,5406352911,6.542790553106612e+18,Oleg,–ê—Ä–±–∏—Ç—Ä–∞–∂–Ω—ã–π —á–∞—Ç - DaddyAff,1385260727
4289,offrout,372537983,6.640118648882542e+17,Sant,–ê—Ä–±–∏—Ç—Ä–∞–∂–Ω—ã–π —á–∞—Ç - DaddyAff,1385260727
4290,olenakatsan,5590849367,-2.5817485574343583e+18,–û–ª–µ–Ω–∞,–ê—Ä–±–∏—Ç—Ä–∞–∂–Ω—ã–π —á–∞—Ç - DaddyAff,1385260727
4291,carmabm,5583908492,6.555040294621844e+18,Onion,–ê—Ä–±–∏—Ç—Ä–∞–∂–Ω—ã–π —á–∞—Ç - DaddyAff,1385260727
4293,OG_JOHNNY_OG,1864183085,3.336749570295316e+18,OG JOHNNY,–ê—Ä–±–∏—Ç—Ä–∞–∂–Ω—ã–π —á–∞—Ç - DaddyAff,1385260727
4294,buldozer_team,5204049847,-5.715312710728212e+18,Crypto Owner,–ê—Ä–±–∏—Ç—Ä–∞–∂–Ω—ã–π —á–∞—Ç - DaddyAff,1385260727
4295,Otec420,5250600702,3.225613904137284e+18,Vito Skaletto,–ê—Ä–±–∏—Ç—Ä–∞–∂–Ω—ã–π —á–∞—Ç - DaddyAff,1385260727
4296,Oksana3344,975451474,-7.430344946148039e+18,–û–∫—Å–∞–Ω–∞,–ê—Ä–±–∏—Ç—Ä–∞–∂–Ω—ã–π —á–∞—Ç - DaddyAff,1385260727
4297,Kingoffr,5295322282,-1.2998117736908188e+18,^^KING^^off,–ê—Ä–±–∏—Ç—Ä–∞–∂–Ω—ã–π —á–∞—Ç - DaddyAff,1385260727
4298,olo1osh,704880102,-1.9971138137977385e+18,Ololosh Ololoev,–ê—Ä–±–∏—Ç—Ä–∞–∂–Ω—ã–π —á–∞—Ç - DaddyAff,1385260727
4299,Oleg_cpa2,1026834426,5.83884903063265e+18,Oleg CPA,–ê—Ä–±–∏—Ç—Ä–∞–∂–Ω—ã–π —á–∞—Ç - DaddyAff,1385260727
4300,olegkkkkkk,693212859,-3.4350371221736023e+18,Oleg .,–ê—Ä–±–∏—Ç—Ä–∞–∂–Ω—ã–π —á–∞—Ç - DaddyAff,1385260727
4301,Onyx28,407048547,-2.858474577628936e+18,–ú?,–ê—Ä–±–∏—Ç—Ä–∞–∂–Ω—ã–π —á–∞—Ç - DaddyAff,1385260727
4302,febyolxtoto,1899513938,5.2483330344719226e+17,Feby Olxtoto,–ê—Ä–±–∏—Ç—Ä–∞–∂–Ω—ã–π —á–∞—Ç - DaddyAff,1385260727
4304,max_onex,5009595829,8.143926399704467e+18,–ú–∞–∫—Å,–ê—Ä–±–∏—Ç—Ä–∞–∂–Ω—ã–π —á–∞—Ç - DaddyAff,1385260727
4305,amin_ochka,5307481936,8.699589483252548e+18,Amina,–ê—Ä–±–∏—Ç—Ä–∞–∂–Ω—ã–π —á–∞—Ç - DaddyAff,1385260727
4306,OlibukM,5323161217,6.876754648520491e+18,OlibukM Support,–ê—Ä–±–∏—Ç—Ä–∞–∂–Ω—ã–π —á–∞—Ç - DaddyAff,1385260727
4307,Moto_ok,539019846,8.580587170165136e+18,–ï–≤–≥–µ–Ω–∏–π,–ê—Ä–±–∏—Ç—Ä–∞–∂–Ω—ã–π —á–∞—Ç - DaddyAff,1385260727
4308,Online_5555,453872636,6.508252064374072e+18,Roy 555,–ê—Ä–±–∏—Ç—Ä–∞–∂–Ω—ã–π —á–∞—Ç - DaddyAff,1385260727
4309,opohrebniak,449028015,-5.956355354371907e+18,Aleksandr Pohrebniak,–ê—Ä–±–∏—Ç—Ä–∞–∂–Ω—ã–π —á–∞—Ç - DaddyAff,1385260727
4310,Viktormazor,968979823,-2.264746871846544e+18,Omar,–ê—Ä–±–∏—Ç—Ä–∞–∂–Ω—ã–π —á–∞—Ç - DaddyAff,1385260727
4311,suvorovtut,178577955,8.879442939078594e+18,Oleg Suvorov,–ê—Ä–±–∏—Ç—Ä–∞–∂–Ω—ã–π —á–∞—Ç - DaddyAff,1385260727
4312,ocunob,187229021,-1.7555461308424988e+18,Aleksandr Osipov,–ê—Ä–±–∏—Ç—Ä–∞–∂–Ω—ã–π —á–∞—Ç - DaddyAff,1385260727
4313,maxim_offerrum,496597045,-8.365712583448983e+18,–ú–∞–∫—Å–∏–º,–ê—Ä–±–∏—Ç—Ä–∞–∂–Ω—ã–π —á–∞—Ç - DaddyAff,1385260727
4315,Oleh_SEO,659368101,-5.242635381137262e+18,–û–ª–µ–≥ –ö,–ê—Ä–±–∏—Ç—Ä–∞–∂–Ω—ã–π —á–∞—Ç - DaddyAff,1385260727
4316,r_o_m_k,774082109,-6.319970440238164e+18,–†–æ–º–∞–Ω,–ê—Ä–±–∏—Ç—Ä–∞–∂–Ω—ã–π —á–∞—Ç - DaddyAff,1385260727
4317,OsakaG,944718392,7.589830659686146e+18,ùìûùìºùì™ùì¥ùì™ üéà,–ê—Ä–±–∏—Ç—Ä–∞–∂–Ω—ã–π —á–∞—Ç - DaddyAff,1385260727
4318,old158,957667834,-3.172465965830652e+18,Oleg,–ê—Ä–±–∏—Ç—Ä–∞–∂–Ω—ã–π —á–∞—Ç - DaddyAff,1385260727
4319,dmitryromanenkou,1166665286,-5.916260048407455e+18,Oskar,–ê—Ä–±–∏—Ç—Ä–∞–∂–Ω—ã–π —á–∞—Ç - DaddyAff,1385260727
4320,Olegjan_114,1211723822,-1.8789672455588209e+18,–û–ª–µ–≥,–ê—Ä–±–∏—Ç—Ä–∞–∂–Ω—ã–π —á–∞—Ç - DaddyAff,1385260727
4321,Omgneot,1266528896,-7.79701667877506e+18,–í–ª–∞–¥–∏–∫,–ê—Ä–±–∏—Ç—Ä–∞–∂–Ω—ã–π —á–∞—Ç - DaddyAff,1385260727
4322,onlasynss,1358332234,7.579867913038499e+18,O S M,–ê—Ä–±–∏—Ç—Ä–∞–∂–Ω—ã–π —á–∞—Ç - DaddyAff,1385260727
4323,PunchAffiliates_business_dev,5228605212,2.3186264725255824e+17,Valera Head of Punch Affiliates,–ê—Ä–±–∏—Ç—Ä–∞–∂–Ω—ã–π —á–∞—Ç - DaddyAff,1385260727
4324,mr_ostephan,535067661,7.169998455789766e+18,ostephan,–ê—Ä–±–∏—Ç—Ä–∞–∂–Ω—ã–π —á–∞—Ç - DaddyAff,1385260727
4325,Mishgan_ooon,493362510,-7.180707772302754e+18,Mikhail,–ê—Ä–±–∏—Ç—Ä–∞–∂–Ω—ã–π —á–∞—Ç - DaddyAff,1385260727
4326,oleg_lashko,666756370,-6.224857263580056e+18,–ó–µ–º–ª—è–∫,–ê—Ä–±–∏—Ç—Ä–∞–∂–Ω—ã–π —á–∞—Ç - DaddyAff,1385260727
4327,olegbutymov,792380550,-4.724918969638709e+18,–û–ª–µ–≥,–ê—Ä–±–∏—Ç—Ä–∞–∂–Ω—ã–π —á–∞—Ç - DaddyAff,1385260727
4328,Snip_0_o,1359386151,-4.1599285984742313e+18,Snip Panteres,–ê—Ä–±–∏—Ç—Ä–∞–∂–Ω—ã–π —á–∞—Ç - DaddyAff,1385260727
4329,duckok,5139800181,-1.180087845730905e+18,One Kill,–ê—Ä–±–∏—Ç—Ä–∞–∂–Ω—ã–π —á–∞—Ç - DaddyAff,1385260727
4330,bredless,130428217,6.143802099071285e+18,Ostap Beskhlebnykh,–ê—Ä–±–∏—Ç—Ä–∞–∂–Ω—ã–π —á–∞—Ç - DaddyAff,1385260727
4331,olha_pal,334629521,-6.748877017560903e+18,Olha,–ê—Ä–±–∏—Ç—Ä–∞–∂–Ω—ã–π —á–∞—Ç - DaddyAff,1385260727
4332,Ciipp,501486857,5.852740295005023e+18,klio oilk,–ê—Ä–±–∏—Ç—Ä–∞–∂–Ω—ã–π —á–∞—Ç - DaddyAff,1385260727
4333,Ssspesss,506494560,6.029488840227364e+18,Olya,–ê—Ä–±–∏—Ç—Ä–∞–∂–Ω—ã–π —á–∞—Ç - DaddyAff,1385260727
4334,tacticalplaya,1185492634,-2.9115177472417623e+18,ùòä ùòà ùòó ùòñ ùòï ùòå,–ê—Ä–±–∏—Ç—Ä–∞–∂–Ω—ã–π —á–∞—Ç - DaddyAff,1385260727
4336,ovsanka_c,368718082,5.362054660195445e+18,È≤ÅÊñØÊãâÂ®ú,–ê—Ä–±–∏—Ç—Ä–∞–∂–Ω—ã–π —á–∞—Ç - DaddyAff,1385260727
4337,Auditor087,37633281,-3.852069302106954e+18,One One,–ê—Ä–±–∏—Ç—Ä–∞–∂–Ω—ã–π —á–∞—Ç - DaddyAff,1385260727
4338,Batya_Reshala,276905750,7.444797659170068e+18,Dj üéß Le On,–ê—Ä–±–∏—Ç—Ä–∞–∂–Ω—ã–π —á–∞—Ç - DaddyAff,1385260727
4339,hy33333xaa,334934582,-5.6299510054278106e+17,Oleg,–ê—Ä–±–∏—Ç—Ä–∞–∂–Ω—ã–π —á–∞—Ç - DaddyAff,1385260727
4340,miroshkaaa,385678584,-5.681459015930058e+17,·Ö†·Ö†·Ö†·Ö† ·Ö†·Ö†·Ö†V.A.L.I.D.O.L,–ê—Ä–±–∏—Ç—Ä–∞–∂–Ω—ã–π —á–∞—Ç - DaddyAff,1385260727
4341,okk_bb,439782804,-4.423316552031639e+18,24/7,–ê—Ä–±–∏—Ç—Ä–∞–∂–Ω—ã–π —á–∞—Ç - DaddyAff,1385260727
4342,majorka_obnal,443144250,2.2382694632942715e+18,üá∫üá¶MAJORKA „ÄΩÔ∏è,–ê—Ä–±–∏—Ç—Ä–∞–∂–Ω—ã–π —á–∞—Ç - DaddyAff,1385260727
4343,nenaebete,454291048,2.7037046189552374e+18,OneBlake,–ê—Ä–±–∏—Ç—Ä–∞–∂–Ω—ã–π —á–∞—Ç - DaddyAff,1385260727
4344,ol87eg,467414828,7.027007137906562e+18,Oleg,–ê—Ä–±–∏—Ç—Ä–∞–∂–Ω—ã–π —á–∞—Ç - DaddyAff,1385260727
4345,Kryg1uy,487957999,-2.703133314545392e+18,Oleg Krygluy,–ê—Ä–±–∏—Ç—Ä–∞–∂–Ω—ã–π —á–∞—Ç - DaddyAff,1385260727
4346,oleg_dmytriv,509917078,4.786721848598243e+18,Oleg Dmutriv,–ê—Ä–±–∏—Ç—Ä–∞–∂–Ω—ã–π —á–∞—Ç - DaddyAff,1385260727
4347,olegzel,543567608,7.628707211551155e+18,Oleg,–ê—Ä–±–∏—Ç—Ä–∞–∂–Ω—ã–π —á–∞—Ç - DaddyAff,1385260727
4348,Onedva,557926125,8.495065676247137e+18,–ê–ª–µ–∫—Å–µ–π,–ê—Ä–±–∏—Ç—Ä–∞–∂–Ω—ã–π —á–∞—Ç - DaddyAff,1385260727
4349,neworle,561584463,-3.0815037754666194e+18,New Orle,–ê—Ä–±–∏—Ç—Ä–∞–∂–Ω—ã–π —á–∞—Ç - DaddyAff,1385260727
4350,offGod,578871770,-7.752226462345737e+18,ATHEIST,–ê—Ä–±–∏—Ç—Ä–∞–∂–Ω—ã–π —á–∞—Ç - DaddyAff,1385260727
4351,Oljio,692079498,7.758256502710901e+18,Ol.,–ê—Ä–±–∏—Ç—Ä–∞–∂–Ω—ã–π —á–∞—Ç - DaddyAff,1385260727
4352,OstapPavel,741667468,-4.12702e+16,–ü–∞–≤–µ–ª –û—Å—Ç–∞–ø–µ–Ω–∫–æ,–ê—Ä–±–∏—Ç—Ä–∞–∂–Ω—ã–π —á–∞—Ç - DaddyAff,1385260727
4353,O654071,901658112,-1.320206837353305e+18,–û654071,–ê—Ä–±–∏—Ç—Ä–∞–∂–Ω—ã–π —á–∞—Ç - DaddyAff,1385260727
4354,omnicpa,1074594422,6.319355138064059e+18,Alex S,–ê—Ä–±–∏—Ç—Ä–∞–∂–Ω—ã–π —á–∞—Ç - DaddyAff,1385260727
4355,oasis647,1316369986,-7.795073032636134e+18,Alexander,–ê—Ä–±–∏—Ç—Ä–∞–∂–Ω—ã–π —á–∞—Ç - DaddyAff,1385260727
4356,maria_olm,1318136562,-2.8507814323590026e+18,Maria,–ê—Ä–±–∏—Ç—Ä–∞–∂–Ω—ã–π —á–∞—Ç - DaddyAff,1385260727
4357,Olegafftr,1364970192,-5.414536602654975e+18,1 1,–ê—Ä–±–∏—Ç—Ä–∞–∂–Ω—ã–π —á–∞—Ç - DaddyAff,1385260727
4358,skateco,1559808859,2.6758368614409006e+18,Otricala,–ê—Ä–±–∏—Ç—Ä–∞–∂–Ω—ã–π —á–∞—Ç - DaddyAff,1385260727
4359,rise_of_maga_target,1770875241,3.829444868206713e+18,ALLtarget_RISE_OF,–ê—Ä–±–∏—Ç—Ä–∞–∂–Ω—ã–π —á–∞—Ç - DaddyAff,1385260727
4360,crashoverdrive,1804850239,-8.82537289942924e+18,crash‚ò†Ô∏è overdrive,–ê—Ä–±–∏—Ç—Ä–∞–∂–Ω—ã–π —á–∞—Ç - DaddyAff,1385260727
4361,salmaniche,193188549,-8.538957312757832e+18,Olga Salmanova,–ê—Ä–±–∏—Ç—Ä–∞–∂–Ω—ã–π —á–∞—Ç - DaddyAff,1385260727
4362,orest_onyschuk,216812259,6.298322054644268e+18,Saint üòá,–ê—Ä–±–∏—Ç—Ä–∞–∂–Ω—ã–π —á–∞—Ç - DaddyAff,1385260727
4363,osokrovenom,247186414,-1.5195047876541212e+18,Supsip,–ê—Ä–±–∏—Ç—Ä–∞–∂–Ω—ã–π —á–∞—Ç - DaddyAff,1385260727
4364,Go_ODok,469957870,6.4805819476412e+18,goodok,–ê—Ä–±–∏—Ç—Ä–∞–∂–Ω—ã–π —á–∞—Ç - DaddyAff,1385260727
4365,olufuri,508920255,-2.8750916624914365e+18,–ú–∞–∫—Å–∏–º,–ê—Ä–±–∏—Ç—Ä–∞–∂–Ω—ã–π —á–∞—Ç - DaddyAff,1385260727
4366,onnekto,629280426,-8.659983143391531e+18,acedia,–ê—Ä–±–∏—Ç—Ä–∞–∂–Ω—ã–π —á–∞—Ç - DaddyAff,1385260727
4367,LLI_O_C_b,697845010,2.375119905202219e+18,alllfoo,–ê—Ä–±–∏—Ç—Ä–∞–∂–Ω—ã–π —á–∞—Ç - DaddyAff,1385260727
4368,oduvanchik_polevoi,707071839,-5.075303765812421e+18,–ü–∞–≤–µ–ª,–ê—Ä–±–∏—Ç—Ä–∞–∂–Ω—ã–π —á–∞—Ç - DaddyAff,1385260727
4369,Alloclasetwinkled,2093978231,-3.9582032172269e+18,üëëNavarro –ñ–µ—Å—Ç–∫–∏–π –ê—Ä–±–∏—Ç—Ä–∞–∂,–ê—Ä–±–∏—Ç—Ä–∞–∂–Ω—ã–π —á–∞—Ç - DaddyAff,1385260727
4370,nice_akk,5267310182,-7.539011855595774e+18,Karina,–ê—Ä–±–∏—Ç—Ä–∞–∂–Ω—ã–π —á–∞—Ç - DaddyAff,1385260727
4371,Nikm0lik,1291105793,5.735161082927915e+18,Nikm0lik üï∑,–ê—Ä–±–∏—Ç—Ä–∞–∂–Ω—ã–π —á–∞—Ç - DaddyAff,1385260727
4372,nickriz123,2065808183,-7.713298036447961e+18,–ù–∏–∫–æ–ª–∞–π –†–∏—Ü,–ê—Ä–±–∏—Ç—Ä–∞–∂–Ω—ã–π —á–∞—Ç - DaddyAff,1385260727
4373,nerzulova,1973968579,-6.929432214045017e+18,Baby [20–∫ —Ä—É–±. –ê–ë–£–ó –í –ë–ò–û],–ê—Ä–±–∏—Ç—Ä–∞–∂–Ω—ã–π —á–∞—Ç - DaddyAff,1385260727
4374,Nazariy_f,798827343,4.005357328220096e+18,Nazar,–ê—Ä–±–∏—Ç—Ä–∞–∂–Ω—ã–π —á–∞—Ç - DaddyAff,1385260727
4375,nureot,1814428845,-3.725182948181867e+18,Bonafide,–ê—Ä–±–∏—Ç—Ä–∞–∂–Ω—ã–π —á–∞—Ç - DaddyAff,1385260727
4376,nasty_laki,5849039903,-4.576569405692325e+18,–ù–∞—Å—Ç–∞—Å—å—è,–ê—Ä–±–∏—Ç—Ä–∞–∂–Ω—ã–π —á–∞—Ç - DaddyAff,1385260727
4378,hannibalio,560495842,-2.566017419517861e+18,Nikita M,–ê—Ä–±–∏—Ç—Ä–∞–∂–Ω—ã–π —á–∞—Ç - DaddyAff,1385260727
4379,Nikolas517,825024099,1.8196878329169733e+18,Nikolas,–ê—Ä–±–∏—Ç—Ä–∞–∂–Ω—ã–π —á–∞—Ç - DaddyAff,1385260727
4380,neleyy11,5683281120,3.917871698507949e+18,Google,–ê—Ä–±–∏—Ç—Ä–∞–∂–Ω—ã–π —á–∞—Ç - DaddyAff,1385260727
4381,maximus_gefest_network,5501966355,-7.383629920368722e+18,Maximus,–ê—Ä–±–∏—Ç—Ä–∞–∂–Ω—ã–π —á–∞—Ç - DaddyAff,1385260727
4382,Nazar1996_6,5856806374,-2.3368279437492946e+18,Nazar,–ê—Ä–±–∏—Ç—Ä–∞–∂–Ω—ã–π —á–∞—Ç - DaddyAff,1385260727
4383,evolvestech,2030365983,1.016952830719498e+18,Niko Evolves Evolves Crypto Marketing,–ê—Ä–±–∏—Ç—Ä–∞–∂–Ω—ã–π —á–∞—Ç - DaddyAff,1385260727
4384,NatashaKucheravenko,5518593231,-3.583216328705493e+18,Natalie,–ê—Ä–±–∏—Ç—Ä–∞–∂–Ω—ã–π —á–∞—Ç - DaddyAff,1385260727
4385,Kiaan_n1,5396443573,3.3865113664890685e+18,KirillK,–ê—Ä–±–∏—Ç—Ä–∞–∂–Ω—ã–π —á–∞—Ç - DaddyAff,1385260727
4386,Ne1912114618,5173182654,-4.0876767561099776e+18,1571912114618üéÑ,–ê—Ä–±–∏—Ç—Ä–∞–∂–Ω—ã–π —á–∞—Ç - DaddyAff,1385260727
4387,nikc21,5417354452,7.135052504324968e+17,NICK[24/7],–ê—Ä–±–∏—Ç—Ä–∞–∂–Ω—ã–π —á–∞—Ç - DaddyAff,1385260727
4388,Luci_Nazar666,5432715655,-8.365792365793619e+18,Lucifer (–í—Ç–æ—Ä–æ–π –ê–∫–∫–∞—É–Ω—Ç),–ê—Ä–±–∏—Ç—Ä–∞–∂–Ω—ã–π —á–∞—Ç - DaddyAff,1385260727
4389,myniggersss,1456154364,-3.232678201651137e+18,my nigga.,–ê—Ä–±–∏—Ç—Ä–∞–∂–Ω—ã–π —á–∞—Ç - DaddyAff,1385260727
4390,namesfro,5553952384,4.1079990276065336e+18,namesfro,–ê—Ä–±–∏—Ç—Ä–∞–∂–Ω—ã–π —á–∞—Ç - DaddyAff,1385260727
4391,NikolyaKovac,5958547480,4.930892301148529e+18,Nikolas,–ê—Ä–±–∏—Ç—Ä–∞–∂–Ω—ã–π —á–∞—Ç - DaddyAff,1385260727
4392,di_nara13,5665600271,7.38508454858539e+18,Diana,–ê—Ä–±–∏—Ç—Ä–∞–∂–Ω—ã–π —á–∞—Ç - DaddyAff,1385260727
4393,brevitas103,1745339413,1.5779802612458488e+18,Nikita Kondrashov,–ê—Ä–±–∏—Ç—Ä–∞–∂–Ω—ã–π —á–∞—Ç - DaddyAff,1385260727
4394,nextnextK,803283290,1.3658484035885517e+18,Next Next,–ê—Ä–±–∏—Ç—Ä–∞–∂–Ω—ã–π —á–∞—Ç - DaddyAff,1385260727
4395,narko_lepsiya,849710980,2.6274090347670253e+17,–õ–µ–ø—Å–∏—è,–ê—Ä–±–∏—Ç—Ä–∞–∂–Ω—ã–π —á–∞—Ç - DaddyAff,1385260727
4396,nonickname8,1851741824,-5.359039002606561e+18,1 Mill,–ê—Ä–±–∏—Ç—Ä–∞–∂–Ω—ã–π —á–∞—Ç - DaddyAff,1385260727
4397,ero_nerty,5344610571,-6.80430553288092e+18,NIKOLAY,–ê—Ä–±–∏—Ç—Ä–∞–∂–Ω—ã–π —á–∞—Ç - DaddyAff,1385260727
4399,newsohowen8,5606996585,-3.2572263375793024e+18,Newsohowen,–ê—Ä–±–∏—Ç—Ä–∞–∂–Ω—ã–π —á–∞—Ç - DaddyAff,1385260727
4400,nikolai_golobodko,5732744094,-2.381080424603281e+18,–ù–∏–∫–æ–ª–∞–µ–≤–∏—á,–ê—Ä–±–∏—Ç—Ä–∞–∂–Ω—ã–π —á–∞—Ç - DaddyAff,1385260727
4403,Lapahv4,5226162941,5.076167941334354e+17,N.–ê.–° üÉè,–ê—Ä–±–∏—Ç—Ä–∞–∂–Ω—ã–π —á–∞—Ç - DaddyAff,1385260727
4404,nbd163,917699904,5.647652378026058e+18,üî±–ì—É—Å—Ç–∞–≤–æüî±,–ê—Ä–±–∏—Ç—Ä–∞–∂–Ω—ã–π —á–∞—Ç - DaddyAff,1385260727
4405,asxfde,544175023,5.438446402734895e+18,No mame,–ê—Ä–±–∏—Ç—Ä–∞–∂–Ω—ã–π —á–∞—Ç - DaddyAff,1385260727
4406,HR_crypto1,5592696637,-5.215169794878023e+18,Nick,–ê—Ä–±–∏—Ç—Ä–∞–∂–Ω—ã–π —á–∞—Ç - DaddyAff,1385260727
4408,mishan71,5741394396,7.620160880693912e+18,ùó∫ùó∂ùòÄùóµ@ùóªùòÜùóÆ,–ê—Ä–±–∏—Ç—Ä–∞–∂–Ω—ã–π —á–∞—Ç - DaddyAff,1385260727
4409,Nikoforov96,5650997436,-8.49072328085958e+18,–ù–∏–∫–æ–ª–∞–π –ù–µ–∫–∏—Ñ–æ—Ä–æ–≤,–ê—Ä–±–∏—Ç—Ä–∞–∂–Ω—ã–π —á–∞—Ç - DaddyAff,1385260727
4410,Nikole_B,860773709,9.103450500354832e+18,Nikol B,–ê—Ä–±–∏—Ç—Ä–∞–∂–Ω—ã–π —á–∞—Ç - DaddyAff,1385260727
4412,nutra_askar,5659104706,8.638677922321078e+17,Askar,–ê—Ä–±–∏—Ç—Ä–∞–∂–Ω—ã–π —á–∞—Ç - DaddyAff,1385260727
4413,alexnovuv,5430560822,2.129744584423772e+16,Alex Naumov,–ê—Ä–±–∏—Ç—Ä–∞–∂–Ω—ã–π —á–∞—Ç - DaddyAff,1385260727
4414,N0nAme1601,5715376863,-2.763725581922517e+18,Noname,–ê—Ä–±–∏—Ç—Ä–∞–∂–Ω—ã–π —á–∞—Ç - DaddyAff,1385260727
4416,namesurname002,505693309,-1.1832923701993777e+18,Name Surname,–ê—Ä–±–∏—Ç—Ä–∞–∂–Ω—ã–π —á–∞—Ç - DaddyAff,1385260727
4418,askar_cpa,5755457925,3.47509017462512e+18,Askar Nutra CPA,–ê—Ä–±–∏—Ç—Ä–∞–∂–Ω—ã–π —á–∞—Ç - DaddyAff,1385260727
4419,nevrame,5445045221,-5.824575194774324e+18,–ï–≥–æ—Ä,–ê—Ä–±–∏—Ç—Ä–∞–∂–Ω—ã–π —á–∞—Ç - DaddyAff,1385260727
4421,elfbarukraine2,5381370530,-8.589351587341873e+18,ùôΩùöíùöîùöíùöùùöä,–ê—Ä–±–∏—Ç—Ä–∞–∂–Ω—ã–π —á–∞—Ç - DaddyAff,1385260727
4422,andreynnnnnnn,5656472523,-9.156837971591102e+18,Andrey NN,–ê—Ä–±–∏—Ç—Ä–∞–∂–Ω—ã–π —á–∞—Ç - DaddyAff,1385260727
4423,nastya_12k,1731164754,-2.8476155865649843e+18,–ù–∞—Å—Ç—è –ö–∞—Ä–ø–µ–Ω–∫–æ,–ê—Ä–±–∏—Ç—Ä–∞–∂–Ω—ã–π —á–∞—Ç - DaddyAff,1385260727
4424,sagqf1,5670249452,1.510418625339853e+18,Cl1 Nz,–ê—Ä–±–∏—Ç—Ä–∞–∂–Ω—ã–π —á–∞—Ç - DaddyAff,1385260727
4425,Mein_Neit,1191958775,2.781063903668397e+18,Mein_neit,–ê—Ä–±–∏—Ç—Ä–∞–∂–Ω—ã–π —á–∞—Ç - DaddyAff,1385260727
4426,ali_nka257,5784780468,-3.4915036189798456e+18,–ê–ª–∏–Ω–∞,–ê—Ä–±–∏—Ç—Ä–∞–∂–Ω—ã–π —á–∞—Ç - DaddyAff,1385260727
4427,new_era_conor,5178187546,8.460670982603275e+18,Conor | New Era,–ê—Ä–±–∏—Ç—Ä–∞–∂–Ω—ã–π —á–∞—Ç - DaddyAff,1385260727
4429,nata1_nata1,5498394867,-2.2475025561714327e+18,–ù–∞—Ç–∞–ª—å—è,–ê—Ä–±–∏—Ç—Ä–∞–∂–Ω—ã–π —á–∞—Ç - DaddyAff,1385260727
4430,NikLalka,868712340,7.911164698727751e+18,–ù–∏–∫–∏—Ç–∞,–ê—Ä–±–∏—Ç—Ä–∞–∂–Ω—ã–π —á–∞—Ç - DaddyAff,1385260727
4431,askar_nutra,5664458823,7.037665230813416e+18,Askar,–ê—Ä–±–∏—Ç—Ä–∞–∂–Ω—ã–π —á–∞—Ç - DaddyAff,1385260727
4432,nargiz88gh,5082404516,-3.6894943397908895e+18,Nargiz,–ê—Ä–±–∏—Ç—Ä–∞–∂–Ω—ã–π —á–∞—Ç - DaddyAff,1385260727
4433,nestor_13partners,5381623387,2.521821899704248e+18,13Partners | Nestor,–ê—Ä–±–∏—Ç—Ä–∞–∂–Ω—ã–π —á–∞—Ç - DaddyAff,1385260727
4434,norrick65,5243607108,-2.5772119906717987e+17,Alina Chuwi,–ê—Ä–±–∏—Ç—Ä–∞–∂–Ω—ã–π —á–∞—Ç - DaddyAff,1385260727
4435,mitchell49,5312626165,-8.133000016549481e+18,Maria Nesmeyanova,–ê—Ä–±–∏—Ç—Ä–∞–∂–Ω—ã–π —á–∞—Ç - DaddyAff,1385260727
4436,bk_noomber,1896655295,3.061456364068492e+18,Abuz bk,–ê—Ä–±–∏—Ç—Ä–∞–∂–Ω—ã–π —á–∞—Ç - DaddyAff,1385260727
4438,adv_network01,5389385082,-7.274828569039402e+18,Margo AdvManager,–ê—Ä–±–∏—Ç—Ä–∞–∂–Ω—ã–π —á–∞—Ç - DaddyAff,1385260727
4439,nydirso,5562435515,1.200566962975799e+18,–ù—É–¥–∏—Å—Ç::::¬ª,–ê—Ä–±–∏—Ç—Ä–∞–∂–Ω—ã–π —á–∞—Ç - DaddyAff,1385260727
4440,NoksKoks,5353594605,-3.5951599529481866e+18,–§–∞–π–Ω—ã–π –ü–µ—Ä–µ—Ü—å,–ê—Ä–±–∏—Ç—Ä–∞–∂–Ω—ã–π —á–∞—Ç - DaddyAff,1385260727
4441,Npmih,571268264,-1.6994548545367706e+17,Nikita,–ê—Ä–±–∏—Ç—Ä–∞–∂–Ω—ã–π —á–∞—Ç - DaddyAff,1385260727
4442,ittizsbi,5754624964,-5.358032319562262e+18,NOEMI Hogue,–ê—Ä–±–∏—Ç—Ä–∞–∂–Ω—ã–π —á–∞—Ç - DaddyAff,1385260727
4443,Nelli_73leil,5429206082,4.862903071306131e+18,–ù–µ–ª–ª–∏ –ê–ª–∏–º–∫–∏–Ω–∞,–ê—Ä–±–∏—Ç—Ä–∞–∂–Ω—ã–π —á–∞—Ç - DaddyAff,1385260727
4444,NavarroCRM,1834442098,-6.304444008614901e+18,Navarro,–ê—Ä–±–∏—Ç—Ä–∞–∂–Ω—ã–π —á–∞—Ç - DaddyAff,1385260727
4445,nsharipov_7_7,5740079895,2.171572139423397e+18,Stefan,–ê—Ä–±–∏—Ç—Ä–∞–∂–Ω—ã–π —á–∞—Ç - DaddyAff,1385260727
4446,nahuyfb,2114692540,7.749322282602886e+18,FB :(,–ê—Ä–±–∏—Ç—Ä–∞–∂–Ω—ã–π —á–∞—Ç - DaddyAff,1385260727
4447,NazarDva,1526347854,-8.303674365816875e+18,Nazar,–ê—Ä–±–∏—Ç—Ä–∞–∂–Ω—ã–π —á–∞—Ç - DaddyAff,1385260727
4448,neliaiztunelia,526704948,4213685057533193.0,Nelia,–ê—Ä–±–∏—Ç—Ä–∞–∂–Ω—ã–π —á–∞—Ç - DaddyAff,1385260727
4449,nikccrus,5627741174,-4.1525252995542927e+18,–ù–∏–∫–∏—Ç–∞,–ê—Ä–±–∏—Ç—Ä–∞–∂–Ω—ã–π —á–∞—Ç - DaddyAff,1385260727
4450,nik_fb,1920138091,5.048694847548919e+18,Nikita,–ê—Ä–±–∏—Ç—Ä–∞–∂–Ω—ã–π —á–∞—Ç - DaddyAff,1385260727
4451,maxcpa1,977600989,-5.49399185047056e+18,Liza Noys,–ê—Ä–±–∏—Ç—Ä–∞–∂–Ω—ã–π —á–∞—Ç - DaddyAff,1385260727
4452,SamQmobi,801128786,-3.655706463402049e+18,Samual Digital Nomad,–ê—Ä–±–∏—Ç—Ä–∞–∂–Ω—ã–π —á–∞—Ç - DaddyAff,1385260727
4454,nlotiger,5541554397,-4.0564337111249504e+17,‚öúÔ∏èIlya‚öúÔ∏è,–ê—Ä–±–∏—Ç—Ä–∞–∂–Ω—ã–π —á–∞—Ç - DaddyAff,1385260727
4455,neomutcolo1974,5348913473,3.4073812395374275e+18,–°–≤–µ—Ç–ª–∞–Ω–∞ –ö—Ä–∏–≤–æ–∫–æ–Ω—å,–ê—Ä–±–∏—Ç—Ä–∞–∂–Ω—ã–π —á–∞—Ç - DaddyAff,1385260727
4456,noddee,438888032,3.099964467219292e+18,–ê–ª–µ–∫—Å–∞–Ω–¥—Ä,–ê—Ä–±–∏—Ç—Ä–∞–∂–Ω—ã–π —á–∞—Ç - DaddyAff,1385260727
4457,chaxte,821901634,8.495723303945265e+18,N K,–ê—Ä–±–∏—Ç—Ä–∞–∂–Ω—ã–π —á–∞—Ç - DaddyAff,1385260727
4458,Nessa_IV,707562197,-8.692887105649809e+18,–ò–Ω–Ω–∞,–ê—Ä–±–∏—Ç—Ä–∞–∂–Ω—ã–π —á–∞—Ç - DaddyAff,1385260727
4459,crypto_flesh,5594392422,-7.467764923239853e+18,Nikolai,–ê—Ä–±–∏—Ç—Ä–∞–∂–Ω—ã–π —á–∞—Ç - DaddyAff,1385260727
4460,Cuentaxpos,1206153908,-5.317419222135768e+17,Nick Cuentaxpos,–ê—Ä–±–∏—Ç—Ä–∞–∂–Ω—ã–π —á–∞—Ç - DaddyAff,1385260727
4461,naqibovna,839906538,-7.101409835903036e+18,–ö–∞—Ä–∏–Ω–∞,–ê—Ä–±–∏—Ç—Ä–∞–∂–Ω—ã–π —á–∞—Ç - DaddyAff,1385260727
4462,newleop,2055719567,1.6495445749916772e+18,Max,–ê—Ä–±–∏—Ç—Ä–∞–∂–Ω—ã–π —á–∞—Ç - DaddyAff,1385260727
4463,karder_to,1334174647,8.643290366707294e+18,Nikki,–ê—Ä–±–∏—Ç—Ä–∞–∂–Ω—ã–π —á–∞—Ç - DaddyAff,1385260727
4464,pinokio_nil,2102078954,4.942738124314028e+17,Maverick,–ê—Ä–±–∏—Ç—Ä–∞–∂–Ω—ã–π —á–∞—Ç - DaddyAff,1385260727
4465,NatroxTyr,5361319994,-7.063946803140129e+18,Alex,–ê—Ä–±–∏—Ç—Ä–∞–∂–Ω—ã–π —á–∞—Ç - DaddyAff,1385260727
4466,nic_hobot,5327913015,1.5502963469202317e+18,Nikita,–ê—Ä–±–∏—Ç—Ä–∞–∂–Ω—ã–π —á–∞—Ç - DaddyAff,1385260727
4467,checkbioooy,5418079621,5.514687819575216e+17,Newsletter Acc ( —Ä–∞—Å—Å—ã–ª–∫–∞ ),–ê—Ä–±–∏—Ç—Ä–∞–∂–Ω—ã–π —á–∞—Ç - DaddyAff,1385260727
4468,Nikas1m,535458864,8.074307499327682e+18,–ù–∏–∫,–ê—Ä–±–∏—Ç—Ä–∞–∂–Ω—ã–π —á–∞—Ç - DaddyAff,1385260727
4469,nibulan23,2113392945,8.206312250116286e+18,Tommy,–ê—Ä–±–∏—Ç—Ä–∞–∂–Ω—ã–π —á–∞—Ç - DaddyAff,1385260727
4470,nesterroov,5302562494,-2.1875864634729715e+18,–í–∞–ª–µ—Ä–∏–π –ù–µ—Å—Ç–µ—Ä–æ–≤,–ê—Ä–±–∏—Ç—Ä–∞–∂–Ω—ã–π —á–∞—Ç - DaddyAff,1385260727
4471,niculetych7,5599512678,4.002058658779736e+18,Google Accounts,–ê—Ä–±–∏—Ç—Ä–∞–∂–Ω—ã–π —á–∞—Ç - DaddyAff,1385260727
4472,Nikita_Staf,5418047741,8.865804309402251e+18,–ù–∏–∫–∏—Ç–∞,–ê—Ä–±–∏—Ç—Ä–∞–∂–Ω—ã–π —á–∞—Ç - DaddyAff,1385260727
4473,fatpill,5492168099,-8.492342068970211e+18,FatPill NFT,–ê—Ä–±–∏—Ç—Ä–∞–∂–Ω—ã–π —á–∞—Ç - DaddyAff,1385260727
4474,cpawix,5234635894,-4.5576050513404846e+18,Telegram notifications,–ê—Ä–±–∏—Ç—Ä–∞–∂–Ω—ã–π —á–∞—Ç - DaddyAff,1385260727
4475,alexvlr1,5483642475,4.531148631365464e+17,VLR | Alex Nik,–ê—Ä–±–∏—Ç—Ä–∞–∂–Ω—ã–π —á–∞—Ç - DaddyAff,1385260727
4476,blk077,2001537236,2.5275539583381773e+17,N,–ê—Ä–±–∏—Ç—Ä–∞–∂–Ω—ã–π —á–∞—Ç - DaddyAff,1385260727
4477,nika1800,1446210753,2.2746951686863588e+18,–ù–∏–∫–∞,–ê—Ä–±–∏—Ç—Ä–∞–∂–Ω—ã–π —á–∞—Ç - DaddyAff,1385260727
4478,kingstolis,1976027658,8.856405468065866e+18,K‚ôöI‚ôöN‚ôöG,–ê—Ä–±–∏—Ç—Ä–∞–∂–Ω—ã–π —á–∞—Ç - DaddyAff,1385260727
4479,non1grata,5441011879,6.241563176897172e+18,Person Nongrata,–ê—Ä–±–∏—Ç—Ä–∞–∂–Ω—ã–π —á–∞—Ç - DaddyAff,1385260727
4480,lykkch,609462924,-8.518287231696114e+18,Nikita L,–ê—Ä–±–∏—Ç—Ä–∞–∂–Ω—ã–π —á–∞—Ç - DaddyAff,1385260727
4481,acolineas,668447984,9.933168601927012e+17,Nikolai,–ê—Ä–±–∏—Ç—Ä–∞–∂–Ω—ã–π —á–∞—Ç - DaddyAff,1385260727
4483,Nimus130,864332625,-3.698943599654204e+18,Nimus130,–ê—Ä–±–∏—Ç—Ä–∞–∂–Ω—ã–π —á–∞—Ç - DaddyAff,1385260727
4484,joseph_nis,5396687127,2.3788342567799204e+18,Joseph,–ê—Ä–±–∏—Ç—Ä–∞–∂–Ω—ã–π —á–∞—Ç - DaddyAff,1385260727
4485,nikxinc,835712764,8.359273515157453e+17,–ù–∏–∫–æ–ª–∞–π,–ê—Ä–±–∏—Ç—Ä–∞–∂–Ω—ã–π —á–∞—Ç - DaddyAff,1385260727
4486,INoLongerFearPenisPenetrateMyAss,1080575781,2.841455625275709e+18,Ne_$NOT,–ê—Ä–±–∏—Ç—Ä–∞–∂–Ω—ã–π —á–∞—Ç - DaddyAff,1385260727
4487,newage_true,5318376308,6.302967810227718e+18,Andrey S,–ê—Ä–±–∏—Ç—Ä–∞–∂–Ω—ã–π —á–∞—Ç - DaddyAff,1385260727
4488,Nikamorinani,5376440209,4.194862742410352e+18,–ù–∏–∫–∞ –ú–æ—Ä–∏–Ω–∏–Ω–∞,–ê—Ä–±–∏—Ç—Ä–∞–∂–Ω—ã–π —á–∞—Ç - DaddyAff,1385260727
4489,niklibertytraffic,5281300056,-6.85019014649336e+18,Nik LibertyTraffic,–ê—Ä–±–∏—Ç—Ä–∞–∂–Ω—ã–π —á–∞—Ç - DaddyAff,1385260727
4490,Neansl,2097760696,-4.530202405310633e+18,–í –ù–ê–õ–ò–ß–ò–ò (–î–ê–ú –í–ü–ï–†–ï–î),–ê—Ä–±–∏—Ç—Ä–∞–∂–Ω—ã–π —á–∞—Ç - DaddyAff,1385260727
4491,ne_plokhoy,1781304364,7.564449952662969e+18,Tommy Gunsky,–ê—Ä–±–∏—Ç—Ä–∞–∂–Ω—ã–π —á–∞—Ç - DaddyAff,1385260727
4492,nomogomo,385025276,-5.882236211552082e+18,—è—Ö–∞,–ê—Ä–±–∏—Ç—Ä–∞–∂–Ω—ã–π —á–∞—Ç - DaddyAff,1385260727
4493,Sillagoqz1UK2TR,1271858561,-1.3323276931758884e+18,Silago Nevermind,–ê—Ä–±–∏—Ç—Ä–∞–∂–Ω—ã–π —á–∞—Ç - DaddyAff,1385260727
4495,nanophiton,202130239,-2.944132111695036e+18,Pozitiv,–ê—Ä–±–∏—Ç—Ä–∞–∂–Ω—ã–π —á–∞—Ç - DaddyAff,1385260727
4496,nikitasemin,240824774,-2.259428853441868e+18,Nikita Semin,–ê—Ä–±–∏—Ç—Ä–∞–∂–Ω—ã–π —á–∞—Ç - DaddyAff,1385260727
4497,max_net,275929958,4.3421468305635697e+18,Maxim Gubin,–ê—Ä–±–∏—Ç—Ä–∞–∂–Ω—ã–π —á–∞—Ç - DaddyAff,1385260727
4498,Nazar0011,302386418,-6.490175846039216e+18,Nazar,–ê—Ä–±–∏—Ç—Ä–∞–∂–Ω—ã–π —á–∞—Ç - DaddyAff,1385260727
4499,Nad042,761316054,6.320569805417468e+18,Danny D,–ê—Ä–±–∏—Ç—Ä–∞–∂–Ω—ã–π —á–∞—Ç - DaddyAff,1385260727
4500,nickvibee,464059679,2.9877758494100767e+18,–ù–∏–∫–∏—Ç–∞ –ì—É—Å–∞—á–æ–≤,–ê—Ä–±–∏—Ç—Ä–∞–∂–Ω—ã–π —á–∞—Ç - DaddyAff,1385260727
4501,SkripkaNV,528635970,-3.277952555821033e+18,Nikolay Skripka,–ê—Ä–±–∏—Ç—Ä–∞–∂–Ω—ã–π —á–∞—Ç - DaddyAff,1385260727
4502,m_neo1,647409127,3.658411146139755e+18,–î–∞–Ω–∏–ª,–ê—Ä–±–∏—Ç—Ä–∞–∂–Ω—ã–π —á–∞—Ç - DaddyAff,1385260727
4503,Nikitafirm,694390657,-2.3822972233111936e+18,Nikita,–ê—Ä–±–∏—Ç—Ä–∞–∂–Ω—ã–π —á–∞—Ç - DaddyAff,1385260727
4504,nash_nont,1353140348,7.81530402751441e+18,Anton,–ê—Ä–±–∏—Ç—Ä–∞–∂–Ω—ã–π —á–∞—Ç - DaddyAff,1385260727
4505,no_answerr,379891583,-5.921607995418687e+18,Eugene,–ê—Ä–±–∏—Ç—Ä–∞–∂–Ω—ã–π —á–∞—Ç - DaddyAff,1385260727
4506,krasavtchik1a,1188738789,-3.8538821946904535e+18,naumi4,–ê—Ä–±–∏—Ç—Ä–∞–∂–Ω—ã–π —á–∞—Ç - DaddyAff,1385260727
4507,AngucompequiZA1tw,1364060980,2.8926292829657974e+18,Nvard Harutyunyan,–ê—Ä–±–∏—Ç—Ä–∞–∂–Ω—ã–π —á–∞—Ç - DaddyAff,1385260727
4508,Volakem,497348118,-1.7304751053524772e+18,Igor noy,–ê—Ä–±–∏—Ç—Ä–∞–∂–Ω—ã–π —á–∞—Ç - DaddyAff,1385260727
4509,nikitakondrat,656435163,-7.49695087535572e+18,–ü–∞–≤–µ–ª –ï—Ä–º–æ–ª–∞–µ–≤,–ê—Ä–±–∏—Ç—Ä–∞–∂–Ω—ã–π —á–∞—Ç - DaddyAff,1385260727
4510,nazsv,663985952,-3.9860482063379e+18,–ù–∞–∑–∞—Ä,–ê—Ä–±–∏—Ç—Ä–∞–∂–Ω—ã–π —á–∞—Ç - DaddyAff,1385260727
4511,NarMar_15,1092579330,7.983397701724484e+18,–ú–∞—Ä–∏–∞–Ω–Ω–∞,–ê—Ä–±–∏—Ç—Ä–∞–∂–Ω—ã–π —á–∞—Ç - DaddyAff,1385260727
4512,n_adia_n_adiaf,1193105624,6.5793729003079e+18,Nadezhda,–ê—Ä–±–∏—Ç—Ä–∞–∂–Ω—ã–π —á–∞—Ç - DaddyAff,1385260727
4513,Duke_0_Nukemo,1294711948,7.78846254402923e+18,Stas,–ê—Ä–±–∏—Ç—Ä–∞–∂–Ω—ã–π —á–∞—Ç - DaddyAff,1385260727
4514,ivn1kita,1337101106,1.5549038402137477e+18,Nikita,–ê—Ä–±–∏—Ç—Ä–∞–∂–Ω—ã–π —á–∞—Ç - DaddyAff,1385260727
4515,KuZiYsu,1385354035,-8.479914841963983e+18,Nikita Kuzmin,–ê—Ä–±–∏—Ç—Ä–∞–∂–Ω—ã–π —á–∞—Ç - DaddyAff,1385260727
4516,Rcfresh,1834414353,7.613041122340408e+18,Nika N,–ê—Ä–±–∏—Ç—Ä–∞–∂–Ω—ã–π —á–∞—Ç - DaddyAff,1385260727
4517,nekosayetca,165631916,5.68283447801869e+18,J‚àü@gHo,–ê—Ä–±–∏—Ç—Ä–∞–∂–Ω—ã–π —á–∞—Ç - DaddyAff,1385260727
4518,Justletthemburno,1231718432,2.343213050615393e+18,Nika,–ê—Ä–±–∏—Ç—Ä–∞–∂–Ω—ã–π —á–∞—Ç - DaddyAff,1385260727
4519,niklooog,450183568,1.188651928175208e+18,Lev,–ê—Ä–±–∏—Ç—Ä–∞–∂–Ω—ã–π —á–∞—Ç - DaddyAff,1385260727
4520,magnitleads,5973403964,8.860146881663136e+18,Mirors,–ê—Ä–±–∏—Ç—Ä–∞–∂–Ω—ã–π —á–∞—Ç - DaddyAff,1385260727
4521,MusculMen,5856727434,-7.248304121878366e+18,MusculMen ( –°–≤–µ—Ç–∞ –Ω–µ—Ç ),–ê—Ä–±–∏—Ç—Ä–∞–∂–Ω—ã–π —á–∞—Ç - DaddyAff,1385260727
4523,marlililil,5951326754,1.032677982848814e+18,–ú–∞—Ä–≤–∏–Ω,–ê—Ä–±–∏—Ç—Ä–∞–∂–Ω—ã–π —á–∞—Ç - DaddyAff,1385260727
4524,maximhandziuk,1574516224,-8.768657835406711e+18,–ú–∞–∫—Å–∏–º –ê–Ω–∞—Ç–æ–ª—å–µ–≤–∏—á,–ê—Ä–±–∏—Ç—Ä–∞–∂–Ω—ã–π —á–∞—Ç - DaddyAff,1385260727
4525,creo_best_manager,5264612061,-4.790207843428387e+18,CREOBEST üöÄ MANAGER,–ê—Ä–±–∏—Ç—Ä–∞–∂–Ω—ã–π —á–∞—Ç - DaddyAff,1385260727
4526,Forensoo,5451741212,-6.42292465519256e+18,Maybe |üèîÔ∏è,–ê—Ä–±–∏—Ç—Ä–∞–∂–Ω—ã–π —á–∞—Ç - DaddyAff,1385260727
4527,malayajs,5142956543,3.1341826035114967e+18,+–ú–ê–õ–ê–Ø+,–ê—Ä–±–∏—Ç—Ä–∞–∂–Ω—ã–π —á–∞—Ç - DaddyAff,1385260727
4528,Men_instal,1730128530,5.342078568787817e+18,Men Instal+,–ê—Ä–±–∏—Ç—Ä–∞–∂–Ω—ã–π —á–∞—Ç - DaddyAff,1385260727
4530,maxhandziuk,1674857441,2.7510806027007e+18,–ú–∞–∫—Å–∏–º –ê–Ω–∞—Ç–æ–ª—å–µ–≤–∏—á,–ê—Ä–±–∏—Ç—Ä–∞–∂–Ω—ã–π —á–∞—Ç - DaddyAff,1385260727
4531,adriellamor,5560319207,-1.996740627761212e+18,Adriel Morgan,–ê—Ä–±–∏—Ç—Ä–∞–∂–Ω—ã–π —á–∞—Ç - DaddyAff,1385260727
4532,monnetricx,2119317667,-4.836585611460471e+18,Mirabell,–ê—Ä–±–∏—Ç—Ä–∞–∂–Ω—ã–π —á–∞—Ç - DaddyAff,1385260727
4533,Mutine_Mindsets,5811401014,7.500161625631821e+18,–ë–∏–ª—è–Ω–∞ –¢–∏—Ñ–ª–æ–≤–∞,–ê—Ä–±–∏—Ç—Ä–∞–∂–Ω—ã–π —á–∞—Ç - DaddyAff,1385260727
4534,FireLeads_Maxim,5908586098,-1.4392765825544686e+18,Fire.Maxim,–ê—Ä–±–∏—Ç—Ä–∞–∂–Ω—ã–π —á–∞—Ç - DaddyAff,1385260727
4535,mistyangelok32,5891935103,3.0932290190140856e+18,Griselda Astrella,–ê—Ä–±–∏—Ç—Ä–∞–∂–Ω—ã–π —á–∞—Ç - DaddyAff,1385260727
4536,gti_mag,5675906411,-3.835961000370332e+18,GTI MAG,–ê—Ä–±–∏—Ç—Ä–∞–∂–Ω—ã–π —á–∞—Ç - DaddyAff,1385260727
4537,babby_m,2038155183,4.272893709832098e+18,Babyyy,–ê—Ä–±–∏—Ç—Ä–∞–∂–Ω—ã–π —á–∞—Ç - DaddyAff,1385260727
4538,marihyasan,5333929388,6.549201304368485e+18,_MaRiXyAnA_,–ê—Ä–±–∏—Ç—Ä–∞–∂–Ω—ã–π —á–∞—Ç - DaddyAff,1385260727
4540,Mattiepro,5327811727,-1.289616876895816e+18,Mattie Mendoz,–ê—Ä–±–∏—Ç—Ä–∞–∂–Ω—ã–π —á–∞—Ç - DaddyAff,1385260727
4541,alika_mirzoeva,5845825112,-1.123512985660518e+17,–õ–∏–∫–∞,–ê—Ä–±–∏—Ç—Ä–∞–∂–Ω—ã–π —á–∞—Ç - DaddyAff,1385260727
4542,MaxImKape,5666856622,-2.9348255088248013e+18,–ú–∞–∫—Å–∏–º,–ê—Ä–±–∏—Ç—Ä–∞–∂–Ω—ã–π —á–∞—Ç - DaddyAff,1385260727
4543,hrarbisens,5602148494,-8.348459792230227e+18,Hr Manager_Arb,–ê—Ä–±–∏—Ç—Ä–∞–∂–Ω—ã–π —á–∞—Ç - DaddyAff,1385260727
4544,gpmorganbank,1220592655,-8.996174766313146e+17,GP (BA –ø–æ–¥ –≥—É–≥–ª),–ê—Ä–±–∏—Ç—Ä–∞–∂–Ω—ã–π —á–∞—Ç - DaddyAff,1385260727
4545,mmmofa,5559268706,-8.199774841200049e+18,–£–æ–ª—Ç–µ—Ä –£–∞–π—Ç,–ê—Ä–±–∏—Ç—Ä–∞–∂–Ω—ã–π —á–∞—Ç - DaddyAff,1385260727
4546,MyradFpPrzd,2094607036,-7.086294581478384e+18,–ú—É—Ä–∞–¥,–ê—Ä–±–∏—Ç—Ä–∞–∂–Ω—ã–π —á–∞—Ç - DaddyAff,1385260727
4547,mongo91,5750099615,2.992812496998925e+18,üÖºüÖæüÖΩüÖ∂üÖæüÖª,–ê—Ä–±–∏—Ç—Ä–∞–∂–Ω—ã–π —á–∞—Ç - DaddyAff,1385260727
4548,kristina_mexx,5530481725,-7.011976431457065e+18,–ö—Ä–∏—Å—Ç–∏,–ê—Ä–±–∏—Ç—Ä–∞–∂–Ω—ã–π —á–∞—Ç - DaddyAff,1385260727
4550,LarryLoWww,5464509667,-7.229259244873521e+18,Machete,–ê—Ä–±–∏—Ç—Ä–∞–∂–Ω—ã–π —á–∞—Ç - DaddyAff,1385260727
4551,maseev88,5848063934,5.955962238778042e+18,David Maseev,–ê—Ä–±–∏—Ç—Ä–∞–∂–Ω—ã–π —á–∞—Ç - DaddyAff,1385260727
4552,maxcpa10,5711719804,2.306399636439381e+18,Max 10%,–ê—Ä–±–∏—Ç—Ä–∞–∂–Ω—ã–π —á–∞—Ç - DaddyAff,1385260727
4555,manager_13buyers,1155728516,-7.48791185686078e+18,13Buyers | Manager,–ê—Ä–±–∏—Ç—Ä–∞–∂–Ω—ã–π —á–∞—Ç - DaddyAff,1385260727
4556,delaiyu_kyc,5537075735,2.480341915507332e+18,mucnarg,–ê—Ä–±–∏—Ç—Ä–∞–∂–Ω—ã–π —á–∞—Ç - DaddyAff,1385260727
4557,moonveriff,5369430637,7.011382187181005e+18,Moonwalker,–ê—Ä–±–∏—Ç—Ä–∞–∂–Ω—ã–π —á–∞—Ç - DaddyAff,1385260727
4558,hornyslave69,1951113165,-5.31071083823541e+18,Mona,–ê—Ä–±–∏—Ç—Ä–∞–∂–Ω—ã–π —á–∞—Ç - DaddyAff,1385260727
4559,arbi_manager_1,5606822639,-3.5330988759562747e+18,Arbi_Manager_1,–ê—Ä–±–∏—Ç—Ä–∞–∂–Ω—ã–π —á–∞—Ç - DaddyAff,1385260727
4560,morphinos,5344286116,7.720707176269482e+18,„Ö§ùôàùôäùôçùôãùôÉùôÄùôêùôé,–ê—Ä–±–∏—Ç—Ä–∞–∂–Ω—ã–π —á–∞—Ç - DaddyAff,1385260727
4561,dkmatrixxx,399707287,-7.841110677984666e+18,Dark Matrix,–ê—Ä–±–∏—Ç—Ä–∞–∂–Ω—ã–π —á–∞—Ç - DaddyAff,1385260727
4562,michaelos2121,5466033002,-7.661032775915745e+18,–ú–∏—Ö–∞–∏–ª,–ê—Ä–±–∏—Ç—Ä–∞–∂–Ω—ã–π —á–∞—Ç - DaddyAff,1385260727
4563,goodbbyyy,1876141924,-3.309245208061976e+18,maks,–ê—Ä–±–∏—Ç—Ä–∞–∂–Ω—ã–π —á–∞—Ç - DaddyAff,1385260727
4564,Mazheto,5737178283,-7.206594526729444e+18,Mazheto,–ê—Ä–±–∏—Ç—Ä–∞–∂–Ω—ã–π —á–∞—Ç - DaddyAff,1385260727
4565,make_bet7,5543037683,4.837253230331524e+18,Logan_Betand,–ê—Ä–±–∏—Ç—Ä–∞–∂–Ω—ã–π —á–∞—Ç - DaddyAff,1385260727
4566,kripto_mechanik,5709897836,-6.903414627723457e+18,–ò–≤–∞–Ω –†—É–¥—Å–∫–æ–π,–ê—Ä–±–∏—Ç—Ä–∞–∂–Ω—ã–π —á–∞—Ç - DaddyAff,1385260727
4567,mrrgreen,5874457778,-2.9239465591462844e+16,Mr Green,–ê—Ä–±–∏—Ç—Ä–∞–∂–Ω—ã–π —á–∞—Ç - DaddyAff,1385260727
4569,Mikki_1993,5264323510,-2.24930082606487e+18,–ú–∏–∫–∫–∏ –ú–∞—É—Å—Å,–ê—Ä–±–∏—Ç—Ä–∞–∂–Ω—ã–π —á–∞—Ç - DaddyAff,1385260727
4570,arbitr_money,5865563140,-4.978844654935533e+18,–ù–∏–∫–æ–ª–∞–π,–ê—Ä–±–∏—Ç—Ä–∞–∂–Ω—ã–π —á–∞—Ç - DaddyAff,1385260727
4571,markburg_li,5852628870,-1.560006004893133e+17,Mark Berg,–ê—Ä–±–∏—Ç—Ä–∞–∂–Ω—ã–π —á–∞—Ç - DaddyAff,1385260727
4572,ajohewus5,5808157242,7.260437172265614e+18,Max,–ê—Ä–±–∏—Ç—Ä–∞–∂–Ω—ã–π —á–∞—Ç - DaddyAff,1385260727
4574,maksimkrivoshei,5891570117,6.373798305499514e+18,–ú–∞–∫—Å–∏–º,–ê—Ä–±–∏—Ç—Ä–∞–∂–Ω—ã–π —á–∞—Ç - DaddyAff,1385260727
4575,makekaupcreo,5476284319,-7.633612550360973e+18,–ï–≤–∞,–ê—Ä–±–∏—Ç—Ä–∞–∂–Ω—ã–π —á–∞—Ç - DaddyAff,1385260727
4576,Mariya_321,5856650131,-3.2076442000200617e+18,–ú–∞—Ä–∏—è,–ê—Ä–±–∏—Ç—Ä–∞–∂–Ω—ã–π —á–∞—Ç - DaddyAff,1385260727
4577,Mikhail_BlackBazaar,5891519222,-3.22818535152212e+18,–ú–∏—Ö–∞–∏–ª BlackBazaar,–ê—Ä–±–∏—Ç—Ä–∞–∂–Ω—ã–π —á–∞—Ç - DaddyAff,1385260727
4578,Melnitskyi,404803834,-3.167109706527679e+18,Igor Melnitskiy,–ê—Ä–±–∏—Ç—Ä–∞–∂–Ω—ã–π —á–∞—Ç - DaddyAff,1385260727
4579,malinovskytraffic,565099645,-6.728392926412081e+18,Malinovsky,–ê—Ä–±–∏—Ç—Ä–∞–∂–Ω—ã–π —á–∞—Ç - DaddyAff,1385260727
4580,Moneykilller,5406115510,-8.708466325271697e+18,–ê–ª–µ–∫—Å–∞–Ω–¥—Ä,–ê—Ä–±–∏—Ç—Ä–∞–∂–Ω—ã–π —á–∞—Ç - DaddyAff,1385260727
4581,karderOO,5812578590,-3.173803894401665e+17,milkas,–ê—Ä–±–∏—Ç—Ä–∞–∂–Ω—ã–π —á–∞—Ç - DaddyAff,1385260727
4582,greenemon,5588169820,-7.070934587447272e+18,Master Green,–ê—Ä–±–∏—Ç—Ä–∞–∂–Ω—ã–π —á–∞—Ç - DaddyAff,1385260727
4584,anomari,590567768,8.970787281192395e+18,Mariano,–ê—Ä–±–∏—Ç—Ä–∞–∂–Ω—ã–π —á–∞—Ç - DaddyAff,1385260727
4585,mixix72,5633356597,-8.187271870554634e+17,MENTOR,–ê—Ä–±–∏—Ç—Ä–∞–∂–Ω—ã–π —á–∞—Ç - DaddyAff,1385260727
4586,m_asket,2122108350,-4.421237484411203e+18,FB,–ê—Ä–±–∏—Ç—Ä–∞–∂–Ω—ã–π —á–∞—Ç - DaddyAff,1385260727
4587,Medicina707,5690512865,1.870593909533392e+18,–ê–ª–µ–∫—Å–∞–Ω–¥—Ä –°–µ—Ä–≥–µ–µ–≤–∏—á,–ê—Ä–±–∏—Ç—Ä–∞–∂–Ω—ã–π —á–∞—Ç - DaddyAff,1385260727
4588,AdamTrame,5734329554,-5.246526927053249e+18,Adam Mishel,–ê—Ä–±–∏—Ç—Ä–∞–∂–Ω—ã–π —á–∞—Ç - DaddyAff,1385260727
4589,Moonlaiy,778899390,-1.4200441361178752e+17,Morning,–ê—Ä–±–∏—Ç—Ä–∞–∂–Ω—ã–π —á–∞—Ç - DaddyAff,1385260727
4590,marscis,5420937921,3.827233632266742e+18,Mark üíµ,–ê—Ä–±–∏—Ç—Ä–∞–∂–Ω—ã–π —á–∞—Ç - DaddyAff,1385260727
4591,Marimari1221,5812548308,3.253975092316669e+18,Giorgio,–ê—Ä–±–∏—Ç—Ä–∞–∂–Ω—ã–π —á–∞—Ç - DaddyAff,1385260727
4592,Marimari2112,5893699764,-1.55218723696537e+18,Maksim,–ê—Ä–±–∏—Ç—Ä–∞–∂–Ω—ã–π —á–∞—Ç - DaddyAff,1385260727
4593,MaximofTraff,2133241811,-4.956556752064965e+18,Maximovv,–ê—Ä–±–∏—Ç—Ä–∞–∂–Ω—ã–π —á–∞—Ç - DaddyAff,1385260727
4594,maangoi,1708374746,-4.797746738871955e+18,mango,–ê—Ä–±–∏—Ç—Ä–∞–∂–Ω—ã–π —á–∞—Ç - DaddyAff,1385260727
4595,mariyasemenova94,5481345671,-5.566255459553911e+18,–ú–∞—Ä–∏—è –°–µ–º–µ–Ω–æ–≤–∞,–ê—Ä–±–∏—Ç—Ä–∞–∂–Ω—ã–π —á–∞—Ç - DaddyAff,1385260727
4596,masterofabuze,5705498127,6.559951816451502e+18,—à–∞–º–∞–∏—á,–ê—Ä–±–∏—Ç—Ä–∞–∂–Ω—ã–π —á–∞—Ç - DaddyAff,1385260727
4597,Bogpob,5662232112,-7.469662636838142e+18,üéÖMIKOüéÖ,–ê—Ä–±–∏—Ç—Ä–∞–∂–Ω—ã–π —á–∞—Ç - DaddyAff,1385260727
4598,DmMedak,753133471,-1.824117011966056e+17,Medak,–ê—Ä–±–∏—Ç—Ä–∞–∂–Ω—ã–π —á–∞—Ç - DaddyAff,1385260727
4599,ark2300,5285738486,7.775311601453317e+18,Mr Cat,–ê—Ä–±–∏—Ç—Ä–∞–∂–Ω—ã–π —á–∞—Ç - DaddyAff,1385260727
4600,Drop_market11,5799844032,8.687908829626755e+18,–ï—Å–ª–∏ –¢—ã –ó–∞ –î—Ä–æ–ø–∞–º–∏ –¢–æ–≥–¥–∞ –¢–µ–±–µ –ö –ù–∞–º,–ê—Ä–±–∏—Ç—Ä–∞–∂–Ω—ã–π —á–∞—Ç - DaddyAff,1385260727
4601,mr_kir_mos,382546170,6.842190629793347e+18,Mr. Mos,–ê—Ä–±–∏—Ç—Ä–∞–∂–Ω—ã–π —á–∞—Ç - DaddyAff,1385260727
4602,betumbled_1917,5881074253,-1.8039295354790807e+18,Maurice Hancock,–ê—Ä–±–∏—Ç—Ä–∞–∂–Ω—ã–π —á–∞—Ç - DaddyAff,1385260727
4604,Miki_lean,1828630041,1.8678697445527444e+18,–ê–Ω—è –ù–æ–≤–∏–∫–æ–≤–∞,–ê—Ä–±–∏—Ç—Ä–∞–∂–Ω—ã–π —á–∞—Ç - DaddyAff,1385260727
4605,mmaks_crypto,5794035984,6.848720988685271e+18,Maks,–ê—Ä–±–∏—Ç—Ä–∞–∂–Ω—ã–π —á–∞—Ç - DaddyAff,1385260727
4606,ma_icontraffic,1679311757,-6.716941503265993e+18,‚Ñ≥.,–ê—Ä–±–∏—Ç—Ä–∞–∂–Ω—ã–π —á–∞—Ç - DaddyAff,1385260727
4607,maks_2424,907124212,-6.482078629059638e+17,Max,–ê—Ä–±–∏—Ç—Ä–∞–∂–Ω—ã–π —á–∞—Ç - DaddyAff,1385260727
4608,monkeeshopy,5843162049,-7.594582201487446e+18,–ì–∞–Ω–¥–æ–Ω –ó–∞–ª—É–ø–∞—á–µ—Å–æ–≤,–ê—Ä–±–∏—Ç—Ä–∞–∂–Ω—ã–π —á–∞—Ç - DaddyAff,1385260727
4609,barww6333,1807288829,1.586304977263328e+18,Max,–ê—Ä–±–∏—Ç—Ä–∞–∂–Ω—ã–π —á–∞—Ç - DaddyAff,1385260727
4610,Maxhmelnix,5657487071,-2.527391791959681e+18,–ú–∞–∫—Å,–ê—Ä–±–∏—Ç—Ä–∞–∂–Ω—ã–π —á–∞—Ç - DaddyAff,1385260727
4611,mexivu,1568921457,1.6472466191675405e+18,Mexic,–ê—Ä–±–∏—Ç—Ä–∞–∂–Ω—ã–π —á–∞—Ç - DaddyAff,1385260727
4612,m_handziuk,5417989514,-8.622479799511086e+18,Maxim,–ê—Ä–±–∏—Ç—Ä–∞–∂–Ω—ã–π —á–∞—Ç - DaddyAff,1385260727
4613,merlin_monro32,1996982080,-7.536437848385175e+18,4/27,–ê—Ä–±–∏—Ç—Ä–∞–∂–Ω—ã–π —á–∞—Ç - DaddyAff,1385260727
4614,FarellManager,5701815908,-7.060196398072399e+18,Manager Farell,–ê—Ä–±–∏—Ç—Ä–∞–∂–Ω—ã–π —á–∞—Ç - DaddyAff,1385260727
4615,mikeaffff,781505579,-4.275414870928993e+18,Mike,–ê—Ä–±–∏—Ç—Ä–∞–∂–Ω—ã–π —á–∞—Ç - DaddyAff,1385260727
4616,metatrastakk,2007103798,-7.081385121316218e+18,–ú–∞–∫—Å–∏–º –¢—Ä–∞—Å—Ç–ê–∫–∫–∏,–ê—Ä–±–∏—Ç—Ä–∞–∂–Ω—ã–π —á–∞—Ç - DaddyAff,1385260727
4617,Investment_ins,5447671857,-7.200058308459945e+18,M,–ê—Ä–±–∏—Ç—Ä–∞–∂–Ω—ã–π —á–∞—Ç - DaddyAff,1385260727
4618,midas_gembl,330863386,4.670318817151945e+18,Mida$,–ê—Ä–±–∏—Ç—Ä–∞–∂–Ω—ã–π —á–∞—Ç - DaddyAff,1385260727
4620,intmanager1,5138356828,3.5801836122234337e+18,Manager,–ê—Ä–±–∏—Ç—Ä–∞–∂–Ω—ã–π —á–∞—Ç - DaddyAff,1385260727
4621,markowa66,431632974,-1.256304271088854e+18,Ekaterina Markova,–ê—Ä–±–∏—Ç—Ä–∞–∂–Ω—ã–π —á–∞—Ç - DaddyAff,1385260727
4623,ITP_manager,5137646174,3.6866198657141806e+18,–ú–∏—Ö–∞–∏–ª,–ê—Ä–±–∏—Ç—Ä–∞–∂–Ω—ã–π —á–∞—Ç - DaddyAff,1385260727
4624,MOLcorporation,555364227,2.698562468218314e+18,Mol,–ê—Ä–±–∏—Ç—Ä–∞–∂–Ω—ã–π —á–∞—Ç - DaddyAff,1385260727
4625,H0ly_H0ly,5489987700,9.129285678506608e+18,Monday,–ê—Ä–±–∏—Ç—Ä–∞–∂–Ω—ã–π —á–∞—Ç - DaddyAff,1385260727
4626,mishii54,2129609518,3.394133586540777e+17,Mikhail Sergeev,–ê—Ä–±–∏—Ç—Ä–∞–∂–Ω—ã–π —á–∞—Ç - DaddyAff,1385260727
4627,Dina_Mihajlov66,5477527589,7.986881942722955e+18,–î–∏–Ω–∞ –ú–∏—Ö–∞–π–ª–æ–≤,–ê—Ä–±–∏—Ç—Ä–∞–∂–Ω—ã–π —á–∞—Ç - DaddyAff,1385260727
4628,makar_ar77,518109391,-3.625934945049559e+18,makar,–ê—Ä–±–∏—Ç—Ä–∞–∂–Ω—ã–π —á–∞—Ç - DaddyAff,1385260727
4629,Melllbrow,5345886099,-2.2538270738883456e+18,Mellstroy,–ê—Ä–±–∏—Ç—Ä–∞–∂–Ω—ã–π —á–∞—Ç - DaddyAff,1385260727
4630,maxisssx,5403112582,1.2779495804978665e+18,üî•,–ê—Ä–±–∏—Ç—Ä–∞–∂–Ω—ã–π —á–∞—Ç - DaddyAff,1385260727
4631,Ghost_lower,758285292,-4.75300049743468e+18,Mr.Hamster coin,–ê—Ä–±–∏—Ç—Ä–∞–∂–Ω—ã–π —á–∞—Ç - DaddyAff,1385260727
4632,handprerulmin1977kf,5661155778,8.620799445893614e+17,Corey Menyfield,–ê—Ä–±–∏—Ç—Ä–∞–∂–Ω—ã–π —á–∞—Ç - DaddyAff,1385260727
4633,maria_golenkova,5658086460,-6.205969217519457e+18,Maria Golenkova,–ê—Ä–±–∏—Ç—Ä–∞–∂–Ω—ã–π —á–∞—Ç - DaddyAff,1385260727
4634,multitex24,673929927,8.76357761143858e+18,–¢–µ—Ö –ø–æ–¥–¥–µ—Ä–∂–∫–∞ 24/7,–ê—Ä–±–∏—Ç—Ä–∞–∂–Ω—ã–π —á–∞—Ç - DaddyAff,1385260727
4635,MarKop2,646352823,7.753568014037385e+18,Mar Kop,–ê—Ä–±–∏—Ç—Ä–∞–∂–Ω—ã–π —á–∞—Ç - DaddyAff,1385260727
4636,muratkoval,727081788,9.61598391499041e+17,Murat Koval,–ê—Ä–±–∏—Ç—Ä–∞–∂–Ω—ã–π —á–∞—Ç - DaddyAff,1385260727
4637,Mikhail_Andreevich0,5520940876,-8.752203738414219e+18,–ú–∏—Ö–∞–∏–ª [ —Ç—Ä–∞—Ñ–µ—Ä] 08:00-00:00,–ê—Ä–±–∏—Ç—Ä–∞–∂–Ω—ã–π —á–∞—Ç - DaddyAff,1385260727
4638,maria777crypto,5628066516,-3.3642139228912794e+18,Maria,–ê—Ä–±–∏—Ç—Ä–∞–∂–Ω—ã–π —á–∞—Ç - DaddyAff,1385260727
4639,MAXimum8881,530985461,8.629962705858404e+18,–ú–∞–∫—Å–∏–º,–ê—Ä–±–∏—Ç—Ä–∞–∂–Ω—ã–π —á–∞—Ç - DaddyAff,1385260727
4641,Maks1122131,5005295233,-6.553410663574857e+18,.,–ê—Ä–±–∏—Ç—Ä–∞–∂–Ω—ã–π —á–∞—Ç - DaddyAff,1385260727
4642,MrBazaLT,5571380953,-8.426378460364762e+17,œ∫rŒ≤Œ±Œ∂Œ±LŒ§,–ê—Ä–±–∏—Ç—Ä–∞–∂–Ω—ã–π —á–∞—Ç - DaddyAff,1385260727
4645,dmtr_life,398960870,4.2313288734645606e+18,Dmitry,–ê—Ä–±–∏—Ç—Ä–∞–∂–Ω—ã–π —á–∞—Ç - DaddyAff,1385260727
4646,llkotll,1795677794,1.6139656447467716e+16,–ö–æ–¢,–ê—Ä–±–∏—Ç—Ä–∞–∂–Ω—ã–π —á–∞—Ç - DaddyAff,1385260727
4647,lbraml,1919271847,-7.46696176903858e+17,Bram (–†–∞–±–æ—Ç–∞—é),–ê—Ä–±–∏—Ç—Ä–∞–∂–Ω—ã–π —á–∞—Ç - DaddyAff,1385260727
4648,lyudmilaromm,5950587277,-6.621015228331181e+18,Lyudmila,–ê—Ä–±–∏—Ç—Ä–∞–∂–Ω—ã–π —á–∞—Ç - DaddyAff,1385260727
4649,lmsrq,999896428,-8.429262910853843e+18,lmsrq,–ê—Ä–±–∏—Ç—Ä–∞–∂–Ω—ã–π —á–∞—Ç - DaddyAff,1385260727
4650,lvr_dlvr,5911402527,-8.32974430474797e+18,Lvr,–ê—Ä–±–∏—Ç—Ä–∞–∂–Ω—ã–π —á–∞—Ç - DaddyAff,1385260727
4651,lanaBMFB,956342592,8.590948599396088e+18,Lana,–ê—Ä–±–∏—Ç—Ä–∞–∂–Ω—ã–π —á–∞—Ç - DaddyAff,1385260727
4652,Igor_lps,1593386671,-9.017117385717464e+18,Igor IPS,–ê—Ä–±–∏—Ç—Ä–∞–∂–Ω—ã–π —á–∞—Ç - DaddyAff,1385260727
4653,Artem_Hell_Leads_Aff,5314096389,-7.883765735827341e+18,Artem Hell Leads Aff,–ê—Ä–±–∏—Ç—Ä–∞–∂–Ω—ã–π —á–∞—Ç - DaddyAff,1385260727
4654,lemon4ik120,5775002165,-7.421065234760965e+18,LÕüeÕümÕüoÕünÕü4ÕüiÕükÕü,–ê—Ä–±–∏—Ç—Ä–∞–∂–Ω—ã–π —á–∞—Ç - DaddyAff,1385260727
4655,lioswa,5367479355,4.0947171759639e+18,leo777,–ê—Ä–±–∏—Ç—Ä–∞–∂–Ω—ã–π —á–∞—Ç - DaddyAff,1385260727
4657,Blackmagico,5965938114,-3.4416784854405407e+18,Black Luck,–ê—Ä–±–∏—Ç—Ä–∞–∂–Ω—ã–π —á–∞—Ç - DaddyAff,1385260727
4658,LogitechUA,452956611,5.961869951209101e+18,Delean,–ê—Ä–±–∏—Ç—Ä–∞–∂–Ω—ã–π —á–∞—Ç - DaddyAff,1385260727
4659,Lays010101,5814838058,-6.02919379077796e+17,Lays 01,–ê—Ä–±–∏—Ç—Ä–∞–∂–Ω—ã–π —á–∞—Ç - DaddyAff,1385260727
4660,dobryi_lud,1046689149,-5.30196701104745e+18,–•–æ—Ä–æ—à–µ–µ –ó–ª–æ,–ê—Ä–±–∏—Ç—Ä–∞–∂–Ω—ã–π —á–∞—Ç - DaddyAff,1385260727
4661,lardoon1961,5805329409,3.514493872647983e+18,Kenia Collier,–ê—Ä–±–∏—Ç—Ä–∞–∂–Ω—ã–π —á–∞—Ç - DaddyAff,1385260727
4662,LoNDI777,935788450,3.215498557780448e+18,LoNDI,–ê—Ä–±–∏—Ç—Ä–∞–∂–Ω—ã–π —á–∞—Ç - DaddyAff,1385260727
4663,Lor2023,5665675574,3.357995997892961e+18,–ë–ê–ù –í –ß–ê–¢ –ü–ò–°–ê–¢–¨ –ù–ï –ú–û–ì–£!!!,–ê—Ä–±–∏—Ç—Ä–∞–∂–Ω—ã–π —á–∞—Ç - DaddyAff,1385260727
4664,L_yud_a,5018536866,5.833010716515832e+18,Lyudmila,–ê—Ä–±–∏—Ç—Ä–∞–∂–Ω—ã–π —á–∞—Ç - DaddyAff,1385260727
4665,LYULYUK1,1499349620,-8.197547456467302e+18,–õ—é–ª—ë–∫,–ê—Ä–±–∏—Ç—Ä–∞–∂–Ω—ã–π —á–∞—Ç - DaddyAff,1385260727
4666,Bob_log,2081387930,8.704834091203728e+18,Bob Log +,–ê—Ä–±–∏—Ç—Ä–∞–∂–Ω—ã–π —á–∞—Ç - DaddyAff,1385260727
4667,l1iegenda,5293123788,-2.647365016527128e+18,LEGENDA,–ê—Ä–±–∏—Ç—Ä–∞–∂–Ω—ã–π —á–∞—Ç - DaddyAff,1385260727
4668,LearinNow,1490365727,2.044130305705519e+18,–°—Ç–∞–Ω–∏—Å–ª–∞–≤ –ú–æ—Ä–æ–∑–æ–≤,–ê—Ä–±–∏—Ç—Ä–∞–∂–Ω—ã–π —á–∞—Ç - DaddyAff,1385260727
4669,limeiu,5414690935,-2.4903186903242767e+18,lime,–ê—Ä–±–∏—Ç—Ä–∞–∂–Ω—ã–π —á–∞—Ç - DaddyAff,1385260727
4670,LUOGVP,405882305,-4.311672063396545e+18,GG,–ê—Ä–±–∏—Ç—Ä–∞–∂–Ω—ã–π —á–∞—Ç - DaddyAff,1385260727
4671,Artem011098,546655127,8.851852134025069e+18,Artem Lisovoy,–ê—Ä–±–∏—Ç—Ä–∞–∂–Ω—ã–π —á–∞—Ç - DaddyAff,1385260727
4673,lesea21,1840181841,4.871980444048474e+18,–õ–µ—Å—è,–ê—Ä–±–∏—Ç—Ä–∞–∂–Ω—ã–π —á–∞—Ç - DaddyAff,1385260727
4674,lawranges,701702938,5.437952795964363e+18,Lawranges,–ê—Ä–±–∏—Ç—Ä–∞–∂–Ω—ã–π —á–∞—Ç - DaddyAff,1385260727
4675,lesigncreomanager,5622467262,-5.191539801812452e+18,Lesign Creo,–ê—Ä–±–∏—Ç—Ä–∞–∂–Ω—ã–π —á–∞—Ç - DaddyAff,1385260727
4676,luckyp2p228,5672197730,-4.771620023401298e+18,Art chak,–ê—Ä–±–∏—Ç—Ä–∞–∂–Ω—ã–π —á–∞—Ç - DaddyAff,1385260727
4678,leha228tyt,5720035875,7.173973663505972e+18,–õ—ë—à–∞ üí∞,–ê—Ä–±–∏—Ç—Ä–∞–∂–Ω—ã–π —á–∞—Ç - DaddyAff,1385260727
4679,afflea,5744629992,-7.809947744712763e+18,Liann,–ê—Ä–±–∏—Ç—Ä–∞–∂–Ω—ã–π —á–∞—Ç - DaddyAff,1385260727
4681,Lev_A4322,2128328151,-1.6252201797027067e+18,Alexander,–ê—Ä–±–∏—Ç—Ä–∞–∂–Ω—ã–π —á–∞—Ç - DaddyAff,1385260727
4682,limonblogs,684569950,7.53308417831249e+18,–¢–∏–º –ú–∞—Å–ª–æ–≤,–ê—Ä–±–∏—Ç—Ä–∞–∂–Ω—ã–π —á–∞—Ç - DaddyAff,1385260727
4683,Leerooooooy,1154027435,-5.891817792033373e+18,–ù–∏–∫–∏—Ç–∞,–ê—Ä–±–∏—Ç—Ä–∞–∂–Ω—ã–π —á–∞—Ç - DaddyAff,1385260727
4684,liwyloli2,5512795623,-5.81939403297162e+18,Brain,–ê—Ä–±–∏—Ç—Ä–∞–∂–Ω—ã–π —á–∞—Ç - DaddyAff,1385260727
4686,hannah_lold378,5713937793,-5.74593857053368e+18,Sarah Kraus,–ê—Ä–±–∏—Ç—Ä–∞–∂–Ω—ã–π —á–∞—Ç - DaddyAff,1385260727
4687,lilipoppl,5089408015,-4.981523156969128e+18,–ó,–ê—Ä–±–∏—Ç—Ä–∞–∂–Ω—ã–π —á–∞—Ç - DaddyAff,1385260727
4688,LeNkA746,1962523842,7.956352696815198e+18,Lenka Svetlova,–ê—Ä–±–∏—Ç—Ä–∞–∂–Ω—ã–π —á–∞—Ç - DaddyAff,1385260727
4689,lawranger,1068844288,-6.287504701126636e+17,Lawranger,–ê—Ä–±–∏—Ç—Ä–∞–∂–Ω—ã–π —á–∞—Ç - DaddyAff,1385260727
4690,Limby,463369108,-3.9816788667222646e+18,–ï–≤–≥–µ–Ω–∏–π –ö–æ–ª–æ–º–∏–µ—Ü,–ê—Ä–±–∏—Ç—Ä–∞–∂–Ω—ã–π —á–∞—Ç - DaddyAff,1385260727
4691,emily_lekopgex780,5666000498,-5.31904950108154e+18,Dominic Griffin,–ê—Ä–±–∏—Ç—Ä–∞–∂–Ω—ã–π —á–∞—Ç - DaddyAff,1385260727
4693,Leo_Mask,5236441521,8.021080631866268e+18,–ò–ª–æ–Ω –ú–∞—Å–∫,–ê—Ä–±–∏—Ç—Ä–∞–∂–Ω—ã–π —á–∞—Ç - DaddyAff,1385260727
4694,lantz96,5079743394,-8.616746143271868e+18,–î–∏–º–∞ –ß–µ—Ä–Ω–∏–≥–æ–≤,–ê—Ä–±–∏—Ç—Ä–∞–∂–Ω—ã–π —á–∞—Ç - DaddyAff,1385260727
4695,laz_laz4,5732244745,-7.247438616752066e+18,Laryna,–ê—Ä–±–∏—Ç—Ä–∞–∂–Ω—ã–π —á–∞—Ç - DaddyAff,1385260727
4696,lisasupp,5579263064,-8.758229509146911e+18,Lisa,–ê—Ä–±–∏—Ç—Ä–∞–∂–Ω—ã–π —á–∞—Ç - DaddyAff,1385260727
4697,freebd101,1701630333,-5.06831210455686e+18,LetsBD,–ê—Ä–±–∏—Ç—Ä–∞–∂–Ω—ã–π —á–∞—Ç - DaddyAff,1385260727
4699,khunoshyso7,5442652462,1.6968078288524452e+18,Lionel,–ê—Ä–±–∏—Ç—Ä–∞–∂–Ω—ã–π —á–∞—Ç - DaddyAff,1385260727
4700,leilajdb,5492440700,-2.846312012025033e+18,Leila,–ê—Ä–±–∏—Ç—Ä–∞–∂–Ω—ã–π —á–∞—Ç - DaddyAff,1385260727
4701,anton_lvq,5629677362,-4.1459102263894897e+18,Anton,–ê—Ä–±–∏—Ç—Ä–∞–∂–Ω—ã–π —á–∞—Ç - DaddyAff,1385260727
4702,LUNTIK_DROPSERVICE,1838289629,-1.702744389840731e+18,LUNTlK DROP SERVlCE üá™üá∫üá∫üá¶üá∑üá∫üá∞üáøüáßüáæ,–ê—Ä–±–∏—Ç—Ä–∞–∂–Ω—ã–π —á–∞—Ç - DaddyAff,1385260727
4703,EraLead,5087566556,7.268022315742828e+18,ERA Lead,–ê—Ä–±–∏—Ç—Ä–∞–∂–Ω—ã–π —á–∞—Ç - DaddyAff,1385260727
4704,Levi0fant,2110400242,-7.326052390750799e+18,·Ö† ·Ö†Vladi,–ê—Ä–±–∏—Ç—Ä–∞–∂–Ω—ã–π —á–∞—Ç - DaddyAff,1385260727
4705,logsselling,5661112254,3.8095418486095913e+18,Johny Logs Dealer,–ê—Ä–±–∏—Ç—Ä–∞–∂–Ω—ã–π —á–∞—Ç - DaddyAff,1385260727
4706,lizzasaintp,5170812195,-8.29554088250195e+18,Elizaveta üß®,–ê—Ä–±–∏—Ç—Ä–∞–∂–Ω—ã–π —á–∞—Ç - DaddyAff,1385260727
4707,lois_etjinoi736,1711867337,-1.7861220930180485e+18,ŸàŸÅÿß,–ê—Ä–±–∏—Ç—Ä–∞–∂–Ω—ã–π —á–∞—Ç - DaddyAff,1385260727
4708,Ali_babashop,5644801375,2.5920316819315866e+18,Life Card,–ê—Ä–±–∏—Ç—Ä–∞–∂–Ω—ã–π —á–∞—Ç - DaddyAff,1385260727
4709,Mayma43,5478091749,-7.758896003590062e+18,Lolla,–ê—Ä–±–∏—Ç—Ä–∞–∂–Ω—ã–π —á–∞—Ç - DaddyAff,1385260727
4710,Legenda_mio,5105339144,-8.459204768663177e+18,–ù–∏–∫–æ–ª–∞–π –ë–µ—Å–ø–∞–ª–æ–≤,–ê—Ä–±–∏—Ç—Ä–∞–∂–Ω—ã–π —á–∞—Ç - DaddyAff,1385260727
4711,meservey60,5305328532,1.030408865692226e+18,Luba Starkova,–ê—Ä–±–∏—Ç—Ä–∞–∂–Ω—ã–π —á–∞—Ç - DaddyAff,1385260727
4712,leadgenner,1989260117,1.9988276620817487e+18,–ê–Ω–¥—Ä–µ–π –ù–µ–Ω–µ—Ü,–ê—Ä–±–∏—Ç—Ä–∞–∂–Ω—ã–π —á–∞—Ç - DaddyAff,1385260727
4713,lovvushina,1771804273,-1.9422083599558364e+18,üíñ Lovvushina,–ê—Ä–±–∏—Ç—Ä–∞–∂–Ω—ã–π —á–∞—Ç - DaddyAff,1385260727
4714,lenyak22,5152794912,-7.809021200583825e+18,–õ–µ–æ–Ω–∏–¥ –ö—É–ª–∏–∫–æ–≤,–ê—Ä–±–∏—Ç—Ä–∞–∂–Ω—ã–π —á–∞—Ç - DaddyAff,1385260727
